id;firstname;lastname;email;phonenumber
1;Ergonomic;Metical;Ophelia37@hotmail.com;Fantastic SQL quantifying
2;Granite Sleek;Stand-alone Wooden;Dandre_Fisher@gmail.com;Handcrafted integrated
3;Comoros methodology and;ADP;Thaddeus37@yahoo.com;intranet Granite
4;cutting-edge productivity;Chilean;Dana61@gmail.com;task-force
5;Intelligent Salad;Fantastic Prairie Shores;Lyric_Ankunding@yahoo.com;Eritrea Market Chair
6;matrix;Outdoors Shirt;Raegan.Leffler72@gmail.com;Viaduct quantifying
7;Data;1080p Toys hack;Keely.Breitenberg85@hotmail.com;feed Lead
8;Account;Arkansas Developer withdrawal;Hector74@gmail.com;program Concrete Health
9;Steel Handcrafted;Ergonomic;Casper51@hotmail.com;whiteboard blue
10;Tasty Port Principal;Granite navigate;Nestor_Nader66@yahoo.com;Account next Home
